#Year, Host_Country, Match_ID, Type, Date, Location, Team 1, Team 2, Score 1, Score 2
1954,Switzerland,1,Group 1,1954-06-16,Charmilles Stadium; Geneva,Brazil,Mexico,5,0
1954,Switzerland,2,Group 1,1954-06-16,Stade Olympique de la Pontaise; Lausanne,Yugoslavia,France,1,0
1954,Switzerland,3,Group 1,1954-06-19,Stade Olympique de la Pontaise; Lausanne,Brazil,Yugoslavia,1,1
1954,Switzerland,4,Group 1,1954-06-19,Charmilles Stadium; Geneva,France,Mexico,3,2
1954,Switzerland,5,Group 2,1954-06-17,Wankdorf Stadium; Bern,West Germany,Turkey,4,1
1954,Switzerland,6,Group 2,1954-06-17,Hardturm Stadium; Zürich,Hungary,South Korea,9,0
1954,Switzerland,7,Group 2,1954-06-20,St. Jakob Stadium; Basel,Hungary,West Germany,8,3
1954,Switzerland,8,Group 2,1954-06-20,Charmilles Stadium; Geneva,Turkey,South Korea,7,0
1954,Switzerland,9,Group 2,1954-06-23,Hardturm Stadium; Zürich,West Germany,Turkey,7,2
1954,Switzerland,10,Group 3,1954-06-16,Wankdorf Stadium; Bern,Uruguay,Czechoslovakia,2,0
1954,Switzerland,11,Group 3,1954-06-16,Hardturm Stadium; Zürich,Austria,Scotland,1,0
1954,Switzerland,12,Group 3,1954-06-19,Hardturm Stadium; Zürich,Austria,Czechoslovakia,5,0
1954,Switzerland,13,Group 3,1954-06-19,St. Jakob Stadium; Basel,Uruguay,Scotland,7,0
1954,Switzerland,14,Group 4,1954-06-17,St. Jakob Stadium; Basel,England,Belgium,4,4
1954,Switzerland,15,Group 4,1954-06-17,Stade Olympique de la Pontaise; Lausanne,Switzerland,Italy,2,1
1954,Switzerland,16,Group 4,1954-06-20,Wankdorf Stadium; Bern,England,Switzerland,2,0
1954,Switzerland,17,Group 4,1954-06-20,Cornaredo Stadium; Lugano,Italy,Belgium,4,1
1954,Switzerland,18,Group 4,1954-06-23,St. Jakob Stadium; Basel,Switzerland,Italy,4,1
1954,Switzerland,19,Quarter-finals,1954-06-26,Stade Olympique de la Pontaise; Lausanne,Austria,Switzerland,7,5
1954,Switzerland,20,Quarter-finals,1954-06-26,St. Jakob Stadium; Basel,Uruguay,England,4,2
1954,Switzerland,21,Quarter-finals,1954-06-27,Charmilles Stadium; Geneva,Yugoslavia,West Germany,0,2
1954,Switzerland,22,Quarter-finals,1954-06-27,Wankdorf Stadium; Bern,Brazil,Hungary,2,4
1954,Switzerland,23,Semi-finals,1954-06-30,St. Jakob Stadium; Basel,West Germany,Austria,6,1
1954,Switzerland,24,Semi-finals,1954-06-30,Stade Olympique de la Pontaise; Lausanne,Hungary,Uruguay,4,2
1954,Switzerland,25,Match for third place,1954-07-03,Hardturm Stadium; Zürich,Uruguay,Austria,1,3
1954,Switzerland,26,Final,1954-07-04,Wankdorf Stadium; Bern,Hungary,West Germany,2,3
1958,Sweden,27,Group 1,1958-06-08,Malmö Stadion; Malmö,West Germany,Argentina,3,1
1958,Sweden,28,Group 1,1958-06-08,Örjans Vall; Halmstad,Northern Ireland,Czechoslovakia,1,0
1958,Sweden,29,Group 1,1958-06-11,Örjans Vall; Halmstad,Argentina,Northern Ireland,3,1
1958,Sweden,30,Group 1,1958-06-11,Olympiastadion; Helsingborg,West Germany,Czechoslovakia,2,2
1958,Sweden,31,Group 1,1958-06-15,Malmö Stadion; Malmö,West Germany,Northern Ireland,2,2
1958,Sweden,32,Group 1,1958-06-15,Olympiastadion; Helsingborg,Czechoslovakia,Argentina,6,1
1958,Sweden,33,Group 1,1958-06-17,Malmö Stadion; Malmö,Northern Ireland,Czechoslovakia,2,1
1958,Sweden,34,Group 2,1958-06-08,Idrottsparken; Norrköping,France,Paraguay,7,3
1958,Sweden,35,Group 2,1958-06-08,Arosvallen; Västerås,Yugoslavia,Scotland,1,1
1958,Sweden,36,Group 2,1958-06-11,Arosvallen; Västerås,Yugoslavia,France,3,2
1958,Sweden,37,Group 2,1958-06-11,Idrottsparken; Norrköping,Paraguay,Scotland,3,2
1958,Sweden,38,Group 2,1958-06-15,Eyravallen; Örebro,France,Scotland,2,1
1958,Sweden,39,Group 2,1958-06-15,Tunavallen; Eskilstuna,Paraguay,Yugoslavia,3,3
1958,Sweden,40,Group 3,1958-06-08,Råsunda Stadium; Solna,Sweden,Mexico,3,0
1958,Sweden,41,Group 3,1958-06-08,Jernvallen; Sandviken,Hungary,Wales,1,1
1958,Sweden,42,Group 3,1958-06-11,Råsunda Stadium; Solna,Mexico,Wales,1,1
1958,Sweden,43,Group 3,1958-06-12,Råsunda Stadium; Solna,Sweden,Hungary,2,1
1958,Sweden,44,Group 3,1958-06-15,Råsunda Stadium; Solna,Sweden,Wales,0,0
1958,Sweden,45,Group 3,1958-06-15,Jernvallen; Sandviken,Hungary,Mexico,4,0
1958,Sweden,46,Group 3,1958-06-17,Råsunda Stadium; Solna,Wales,Hungary,2,1
1958,Sweden,47,Group 4,1958-06-08,Rimnersvallen; Uddevalla,Brazil,Austria,3,0
1958,Sweden,48,Group 4,1958-06-08,Ullevi; Gothenburg,Soviet Union,England,2,2
1958,Sweden,49,Group 4,1958-06-11,Ullevi; Gothenburg,Brazil,England,0,0
1958,Sweden,50,Group 4,1958-06-11,Ryavallen; Borås,Soviet Union,Austria,2,0
1958,Sweden,51,Group 4,1958-06-15,Ryavallen; Borås,England,Austria,2,2
1958,Sweden,52,Group 4,1958-06-15,Ullevi; Gothenburg,Brazil,Soviet Union,2,0
1958,Sweden,53,Group 4,1958-06-17,Ullevi; Gothenburg,Soviet Union,England,1,0
1958,Sweden,54,Quarter-finals,1958-06-19,Idrottsparken; Norrköping,France,Northern Ireland,4,0
1958,Sweden,55,Quarter-finals,1958-06-19,Råsunda Stadium; Solna,Sweden,Soviet Union,2,0
1958,Sweden,56,Quarter-finals,1958-06-19,Ullevi; Gothenburg,Brazil,Wales,1,0
1958,Sweden,57,Quarter-finals,1958-06-19,Malmö Stadion; Malmö,West Germany,Yugoslavia,1,0
1958,Sweden,58,Semi-finals,1958-06-24,Råsunda Stadium; Solna,France,Brazil,2,5
1958,Sweden,59,Semi-finals,1958-06-24,Ullevi; Gothenburg,West Germany,Sweden,1,3
1958,Sweden,60,Match for third place,1958-06-28,Ullevi; Gothenburg,West Germany,France,3,6
1958,Sweden,61,Final,1958-06-29,Råsunda Stadium; Solna,Sweden,Brazil,2,5
1962,Chile,62,Group 1,1962-05-30,Estadio Carlos Dittborn; Arica,Uruguay,Colombia,2,1
1962,Chile,63,Group 1,1962-05-31,Estadio Carlos Dittborn; Arica,Soviet Union,Yugoslavia,2,0
1962,Chile,64,Group 1,1962-06-02,Estadio Carlos Dittborn; Arica,Yugoslavia,Uruguay,3,1
1962,Chile,65,Group 1,1962-06-03,Estadio Carlos Dittborn; Arica,Soviet Union,Colombia,4,4
1962,Chile,66,Group 1,1962-06-06,Estadio Carlos Dittborn; Arica,Soviet Union,Uruguay,2,1
1962,Chile,67,Group 1,1962-06-07,Estadio Carlos Dittborn; Arica,Yugoslavia,Colombia,5,0
1962,Chile,68,Group 2,1962-05-30,Estadio Nacional; Santiago,Chile,Switzerland,3,1
1962,Chile,69,Group 2,1962-05-31,Estadio Nacional; Santiago,West Germany,Italy,0,0
1962,Chile,70,Group 2,1962-06-02,Estadio Nacional; Santiago,Chile,Italy,2,0
1962,Chile,71,Group 2,1962-06-03,Estadio Nacional; Santiago,West Germany,Switzerland,2,1
1962,Chile,72,Group 2,1962-06-06,Estadio Nacional; Santiago,West Germany,Chile,2,0
1962,Chile,73,Group 2,1962-06-07,Estadio Nacional; Santiago,Italy,Switzerland,3,0
1962,Chile,74,Group 3,1962-05-30,Estadio Sausalito; Viña del Mar,Brazil,Mexico,2,0
1962,Chile,75,Group 3,1962-05-31,Estadio Sausalito; Viña del Mar,Czechoslovakia,Spain,1,0
1962,Chile,76,Group 3,1962-06-02,Estadio Sausalito; Viña del Mar,Brazil,Czechoslovakia,0,0
1962,Chile,77,Group 3,1962-06-03,Estadio Sausalito; Viña del Mar,Spain,Mexico,1,0
1962,Chile,78,Group 3,1962-06-06,Estadio Sausalito; Viña del Mar,Brazil,Spain,2,1
1962,Chile,79,Group 3,1962-06-07,Estadio Sausalito; Viña del Mar,Mexico,Czechoslovakia,3,1
1962,Chile,80,Group 4,1962-05-30,Estadio El Teniente; Rancagua,Argentina,Bulgaria,1,0
1962,Chile,81,Group 4,1962-05-31,Estadio El Teniente; Rancagua,Hungary,England,2,1
1962,Chile,82,Group 4,1962-06-02,Estadio El Teniente; Rancagua,England,Argentina,3,1
1962,Chile,83,Group 4,1962-06-03,Estadio El Teniente; Rancagua,Hungary,Bulgaria,6,1
1962,Chile,84,Group 4,1962-06-06,Estadio El Teniente; Rancagua,Hungary,Argentina,0,0
1962,Chile,85,Group 4,1962-06-07,Estadio El Teniente; Rancagua,England,Bulgaria,0,0
1962,Chile,86,Quarter-finals,1962-06-10,Estadio Carlos Dittborn; Arica,Chile,Soviet Union,2,1
1962,Chile,87,Quarter-finals,1962-06-10,Estadio Nacional; Santiago,Yugoslavia,West Germany,1,0
1962,Chile,88,Quarter-finals,1962-06-10,Estadio Sausalito; Viña del Mar,Brazil,England,3,1
1962,Chile,89,Quarter-finals,1962-06-10,Estadio El Teniente; Rancagua,Czechoslovakia,Hungary,1,0
1962,Chile,90,Semi-finals,1962-06-13,Estadio Nacional; Santiago,Brazil,Chile,4,2
1962,Chile,91,Semi-finals,1962-06-13,Estadio Sausalito; Viña del Mar,Czechoslovakia,Yugoslavia,3,1
1962,Chile,92,Match for third place,1962-06-16,Estadio Nacional; Santiago,Chile,Yugoslavia,1,0
1962,Chile,93,Final,1962-06-17,Estadio Nacional; Santiago,Brazil,Czechoslovakia,3,1
1966,England,94,Group 1,1966-07-11,Wembley Stadium; London,England,Uruguay,0,0
1966,England,95,Group 1,1966-07-13,Wembley Stadium; London,France,Mexico,1,1
1966,England,96,Group 1,1966-07-15,White City Stadium; London,Uruguay,France,2,1
1966,England,97,Group 1,1966-07-16,Wembley Stadium; London,England,Mexico,2,0
1966,England,98,Group 1,1966-07-19,Wembley Stadium; London,Mexico,Uruguay,0,0
1966,England,99,Group 1,1966-07-20,Wembley Stadium; London,England,France,2,0
1966,England,100,Group 2,1966-07-12,Hillsborough Stadium; Sheffield,West Germany,Switzerland,5,0
1966,England,101,Group 2,1966-07-13,Villa Park; Birmingham,Argentina,Spain,2,1
1966,England,102,Group 2,1966-07-15,Hillsborough Stadium; Sheffield,Spain,Switzerland,2,1
1966,England,103,Group 2,1966-07-16,Villa Park; Birmingham,Argentina,West Germany,0,0
1966,England,104,Group 2,1966-07-19,Hillsborough Stadium; Sheffield,Argentina,Switzerland,2,0
1966,England,105,Group 2,1966-07-20,Villa Park; Birmingham,West Germany,Spain,2,1
1966,England,106,Group 3,1966-07-12,Goodison Park; Liverpool,Brazil,Bulgaria,2,0
1966,England,107,Group 3,1966-07-13,Old Trafford; Manchester,Portugal,Hungary,3,1
1966,England,108,Group 3,1966-07-15,Goodison Park; Liverpool,Hungary,Brazil,3,1
1966,England,109,Group 3,1966-07-16,Old Trafford; Manchester,Portugal,Bulgaria,3,0
1966,England,110,Group 3,1966-07-19,Goodison Park; Liverpool,Portugal,Brazil,3,1
1966,England,111,Group 3,1966-07-20,Old Trafford; Manchester,Hungary,Bulgaria,3,1
1966,England,112,Group 4,1966-07-12,Ayresome Park; Middlesbrough,Soviet Union,North Korea,3,0
1966,England,113,Group 4,1966-07-13,Roker Park; Sunderland,Italy,Chile,2,0
1966,England,114,Group 4,1966-07-15,Ayresome Park; Middlesbrough,Chile,North Korea,1,1
1966,England,115,Group 4,1966-07-16,Roker Park; Sunderland,Soviet Union,Italy,1,0
1966,England,116,Group 4,1966-07-19,Ayresome Park; Middlesbrough,North Korea,Italy,1,0
1966,England,117,Group 4,1966-07-20,Roker Park; Sunderland,Soviet Union,Chile,2,1
1966,England,118,Quarter-finals,1966-07-23,Wembley Stadium; London,England,Argentina,1,0
1966,England,119,Quarter-finals,1966-07-23,Hillsborough Stadium; Sheffield,West Germany,Uruguay,4,0
1966,England,120,Quarter-finals,1966-07-23,Roker Park; Sunderland,Soviet Union,Hungary,2,1
1966,England,121,Quarter-finals,1966-07-23,Goodison Park; Liverpool,Portugal,North Korea,5,3
1966,England,122,Semi-finals,1966-07-25,Goodison Park; Liverpool,West Germany,Soviet Union,2,1
1966,England,123,Semi-finals,1966-07-26,Wembley Stadium; London,England,Portugal,2,1
1966,England,124,Match for third place,1966-07-28,Wembley Stadium; London,Portugal,Soviet Union,2,1
1966,England,125,Final,1966-07-30,Wembley Stadium; London,England,West Germany,4,2
1970,Mexico,126,Group 1,1970-05-31,Estadio Azteca; Mexico City,Mexico,Soviet Union,0,0
1970,Mexico,127,Group 1,1970-06-03,Estadio Azteca; Mexico City,Belgium,El Salvador,3,0
1970,Mexico,128,Group 1,1970-06-06,Estadio Azteca; Mexico City,Soviet Union,Belgium,4,1
1970,Mexico,129,Group 1,1970-06-07,Estadio Azteca; Mexico City,Mexico,El Salvador,4,0
1970,Mexico,130,Group 1,1970-06-10,Estadio Azteca; Mexico City,Soviet Union,El Salvador,2,0
1970,Mexico,131,Group 1,1970-06-11,Estadio Azteca; Mexico City,Mexico,Belgium,1,0
1970,Mexico,132,Group 2,1970-06-02,Estadio Cuauhtémoc; Puebla,Uruguay,Israel,2,0
1970,Mexico,133,Group 2,1970-06-03,Estadio Luis Dosal; Toluca,Italy,Sweden,1,0
1970,Mexico,134,Group 2,1970-06-06,Estadio Cuauhtémoc; Puebla,Uruguay,Italy,0,0
1970,Mexico,135,Group 2,1970-06-07,Estadio Luis Dosal; Toluca,Sweden,Israel,1,1
1970,Mexico,136,Group 2,1970-06-10,Estadio Cuauhtémoc; Puebla,Uruguay,Sweden,0,1
1970,Mexico,137,Group 2,1970-06-11,Estadio Luis Dosal; Toluca,Israel,Italy,0,0
1970,Mexico,138,Group 3,1970-06-02,Estadio Jalisco; Guadalajara,Romania,England,0,1
1970,Mexico,139,Group 3,1970-06-03,Estadio Jalisco; Guadalajara,Czechoslovakia,Brazil,1,4
1970,Mexico,140,Group 3,1970-06-06,Estadio Jalisco; Guadalajara,Romania,Czechoslovakia,2,1
1970,Mexico,141,Group 3,1970-06-07,Estadio Jalisco; Guadalajara,England,Brazil,0,1
1970,Mexico,142,Group 3,1970-06-10,Estadio Jalisco; Guadalajara,Romania,Brazil,2,3
1970,Mexico,143,Group 3,1970-06-11,Estadio Jalisco; Guadalajara,England,Czechoslovakia,1,0
1970,Mexico,144,Group 4,1970-06-02,Estadio Nou Camp; León,Peru,Bulgaria,3,2
1970,Mexico,145,Group 4,1970-06-03,Estadio Nou Camp; León,Morocco,West Germany,1,2
1970,Mexico,146,Group 4,1970-06-06,Estadio Nou Camp; León,Peru,Morocco,3,0
1970,Mexico,147,Group 4,1970-06-07,Estadio Nou Camp; León,Bulgaria,West Germany,2,5
1970,Mexico,148,Group 4,1970-06-10,Estadio Nou Camp; León,Peru,West Germany,1,3
1970,Mexico,149,Group 4,1970-06-11,Estadio Nou Camp; León,Bulgaria,Morocco,1,1
1970,Mexico,150,Quarter-finals,1970-06-14,Estadio Azteca; Mexico City,Soviet Union,Uruguay,0,1
1970,Mexico,151,Quarter-finals,1970-06-14,Estadio Luis Dosal; Toluca,Italy,Mexico,4,1
1970,Mexico,152,Quarter-finals,1970-06-14,Estadio Jalisco; Guadalajara,Brazil,Peru,4,2
1970,Mexico,153,Quarter-finals,1970-06-14,Estadio Nou Camp; León,West Germany,England,3,2
1970,Mexico,154,Semi-finals,1970-06-17,Estadio Jalisco; Guadalajara,Uruguay,Brazil,1,3
1970,Mexico,155,Semi-finals,1970-06-17,Estadio Azteca; Mexico City,Italy,West Germany,4,3
1970,Mexico,156,Match for third place,1970-06-20,Estadio Azteca; Mexico City,Uruguay,West Germany,0,1
1970,Mexico,157,Final,1970-06-21,Estadio Azteca; Mexico City,Brazil,Italy,4,1
1974,West Germany,158,Group 1,1974-06-14,Olympiastadion; West Berlin,West Germany,Chile,1,0
1974,West Germany,159,Group 1,1974-06-14,Volksparkstadion; Hamburg,East Germany,Australia,2,0
1974,West Germany,160,Group 1,1974-06-18,Olympiastadion; West Berlin,Chile,East Germany,1,1
1974,West Germany,161,Group 1,1974-06-18,Volksparkstadion; Hamburg,Australia,West Germany,0,3
1974,West Germany,162,Group 1,1974-06-22,Olympiastadion; West Berlin,Australia,Chile,0,0
1974,West Germany,163,Group 1,1974-06-22,Volksparkstadion; Hamburg,East Germany,West Germany,1,0
1974,West Germany,164,Group 2,1974-06-13,Waldstadion; Frankfurt,Brazil,Yugoslavia,0,0
1974,West Germany,165,Group 2,1974-06-14,Westfalenstadion; Dortmund,Zaire,Scotland,0,2
1974,West Germany,166,Group 2,1974-06-18,Parkstadion; Gelsenkirchen,Yugoslavia,Zaire,9,0
1974,West Germany,167,Group 2,1974-06-18,Waldstadion; Frankfurt,Scotland,Brazil,0,0
1974,West Germany,168,Group 2,1974-06-22,Waldstadion; Frankfurt,Scotland,Yugoslavia,1,1
1974,West Germany,169,Group 2,1974-06-22,Parkstadion; Gelsenkirchen,Zaire,Brazil,0,3
1974,West Germany,170,Group 3,1974-06-15,Niedersachsenstadion; Hanover,Uruguay,Netherlands,0,2
1974,West Germany,171,Group 3,1974-06-15,Rheinstadion; Düsseldorf,Sweden,Bulgaria,0,0
1974,West Germany,172,Group 3,1974-06-19,Westfalenstadion; Dortmund,Netherlands,Sweden,0,0
1974,West Germany,173,Group 3,1974-06-19,Niedersachsenstadion; Hanover,Uruguay,Bulgaria,1,1
1974,West Germany,174,Group 3,1974-06-23,Westfalenstadion; Dortmund,Netherlands,Bulgaria,4,1
1974,West Germany,175,Group 3,1974-06-23,Rheinstadion; Düsseldorf,Sweden,Uruguay,3,0
1974,West Germany,176,Group 4,1974-06-15,Olympiastadion; Munich,Italy,Haiti,3,1
1974,West Germany,177,Group 4,1974-06-15,Neckarstadion; Stuttgart,Poland,Argentina,3,2
1974,West Germany,178,Group 4,1974-06-19,Olympiastadion; Munich,Haiti,Poland,0,7
1974,West Germany,179,Group 4,1974-06-19,Neckarstadion; Stuttgart,Argentina,Italy,1,1
1974,West Germany,180,Group 4,1974-06-23,Olympiastadion; Munich,Argentina,Haiti,4,1
1974,West Germany,181,Group 4,1974-06-23,Neckarstadion; Stuttgart,Poland,Italy,2,1
1974,West Germany,182,Group I,1974-06-26,Niedersachsenstadion; Hanover,Brazil,East Germany,1,0
1974,West Germany,183,Group I,1974-06-26,Parkstadion; Gelsenkirchen,Netherlands,Argentina,4,0
1974,West Germany,184,Group I,1974-06-30,Parkstadion; Gelsenkirchen,East Germany,Netherlands,0,2
1974,West Germany,185,Group I,1974-06-30,Niedersachsenstadion; Hanover,Argentina,Brazil,1,2
1974,West Germany,186,Group I,1974-07-03,Parkstadion; Gelsenkirchen,Argentina,East Germany,1,1
1974,West Germany,187,Group I,1974-07-03,Westfalenstadion; Dortmund,Netherlands,Brazil,2,0
1974,West Germany,188,Group J,1974-06-26,Rheinstadion; Düsseldorf,Yugoslavia,West Germany,0,2
1974,West Germany,189,Group J,1974-06-26,Neckarstadion; Stuttgart,Sweden,Poland,0,1
1974,West Germany,190,Group J,1974-06-30,Rheinstadion; Düsseldorf,West Germany,Sweden,4,2
1974,West Germany,191,Group J,1974-06-30,Waldstadion; Frankfurt,Poland,Yugoslavia,2,1
1974,West Germany,192,Group J,1974-07-03,Waldstadion; Frankfurt,Poland,West Germany,0,1
1974,West Germany,193,Group J,1974-07-03,Rheinstadion; Düsseldorf,Sweden,Yugoslavia,2,1
1974,West Germany,194,Match for third place,1974-07-06,Olympiastadion; Munich,Brazil,Poland,0,1
1974,West Germany,195,Final,1974-07-07,Olympiastadion; Munich,Netherlands,West Germany,1,2
1978,Argentina,196,Group 1,1978-06-02,Estadio Monumental; Buenos Aires,Argentina,Hungary,2,1
1978,Argentina,197,Group 1,1978-06-02,Estadio José María Minella; Mar del Plata,Italy,France,2,1
1978,Argentina,198,Group 1,1978-06-06,Estadio Monumental; Buenos Aires,Argentina,France,2,1
1978,Argentina,199,Group 1,1978-06-06,Estadio José María Minella; Mar del Plata,Italy,Hungary,3,1
1978,Argentina,200,Group 1,1978-06-10,Estadio Monumental; Buenos Aires,Argentina,Italy,0,1
1978,Argentina,201,Group 1,1978-06-10,Estadio José María Minella; Mar del Plata,France,Hungary,3,1
1978,Argentina,202,Group 2,1978-06-01,Estadio Monumental; Buenos Aires,West Germany,Poland,0,0
1978,Argentina,203,Group 2,1978-06-02,Estadio Gigante de Arroyito; Rosario,Tunisia,Mexico,3,1
1978,Argentina,204,Group 2,1978-06-06,Estadio Gigante de Arroyito; Rosario,Poland,Tunisia,1,0
1978,Argentina,205,Group 2,1978-06-06,Estadio Chateau Carreras; Córdoba,West Germany,Mexico,6,0
1978,Argentina,206,Group 2,1978-06-10,Estadio Gigante de Arroyito; Rosario,Poland,Mexico,3,1
1978,Argentina,207,Group 2,1978-06-10,Estadio Olímpico Chateau Carreras; Córdoba,West Germany,Tunisia,0,0
1978,Argentina,208,Group 3,1978-06-03,Estadio José Amalfitani; Buenos Aires,Austria,Spain,2,1
1978,Argentina,209,Group 3,1978-06-03,Estadio José Maria Minella; Mar del Plata,Brazil,Sweden,1,1
1978,Argentina,210,Group 3,1978-06-07,Estadio José Amalfitani; Buenos Aires,Austria,Sweden,1,0
1978,Argentina,211,Group 3,1978-06-07,Estadio José Maria Minella; Mar del Plata,Brazil,Spain,0,0
1978,Argentina,212,Group 3,1978-06-11,Estadio José Amalfitani; Buenos Aires,Spain,Sweden,1,0
1978,Argentina,213,Group 3,1978-06-11,Estadio José Maria Minella; Mar del Plata,Brazil,Austria,1,0
1978,Argentina,214,Group 4,1978-06-03,Estadio Chateau Carreras; Córdoba,Peru,Scotland,3,1
1978,Argentina,215,Group 4,1978-06-03,Estadio Ciudad de Mendoza; Mendoza,Netherlands,Iran,3,0
1978,Argentina,216,Group 4,1978-06-07,Estadio Chateau Carreras; Córdoba,Scotland,Iran,1,1
1978,Argentina,217,Group 4,1978-06-07,Estadio Ciudad de Mendoza; Mendoza,Netherlands,Peru,0,0
1978,Argentina,218,Group 4,1978-06-11,Estadio Chateau Carreras; Córdoba,Peru,Iran,4,1
1978,Argentina,219,Group 4,1978-06-11,Estadio Ciudad de Mendoza; Mendoza,Scotland,Netherlands,3,2
1978,Argentina,220,Group I,1978-06-14,Estadio Monumental; Buenos Aires,Italy,West Germany,0,0
1978,Argentina,221,Group I,1978-06-14,Estadio Chateau Carreras; Córdoba,Austria,Netherlands,1,5
1978,Argentina,222,Group I,1978-06-18,Estadio Monumental; Buenos Aires,Italy,Austria,1,0
1978,Argentina,223,Group I,1978-06-18,Estadio Chateau Carreras; Córdoba,Netherlands,West Germany,2,2
1978,Argentina,224,Group I,1978-06-21,Estadio Monumental; Buenos Aires,Italy,Netherlands,1,2
1978,Argentina,225,Group I,1978-06-21,Estadio Chateau Carreras; Córdoba,Austria,West Germany,3,2
1978,Argentina,226,Group J,1978-06-14,Estadio Gigante de Arroyito; Rosario,Argentina,Poland,2,0
1978,Argentina,227,Group J,1978-06-14,Estadio Ciudad de Mendoza; Mendoza,Peru,Brazil,0,3
1978,Argentina,228,Group J,1978-06-18,Estadio Gigante de Arroyito; Rosario,Argentina,Brazil,0,0
1978,Argentina,229,Group J,1978-06-18,Estadio Ciudad de Mendoza; Mendoza,Peru,Poland,0,1
1978,Argentina,230,Group J,1978-06-21,Estadio Gigante de Arroyito; Rosario,Argentina,Peru,6,0
1978,Argentina,231,Group J,1978-06-21,Estadio Ciudad de Mendoza; Mendoza,Poland,Brazil,1,3
1978,Argentina,232,Match for third place,1978-06-24,Estadio Monumental; Buenos Aires,Brazil,Italy,2,1
1978,Argentina,233,Final,1978-06-25,Estadio Monumental; Buenos Aires,Netherlands,Argentina,1,3
1982,Spain,234,Group 1,1982-06-14,Balaídos; Vigo,Italy,Poland,0,0
1982,Spain,235,Group 1,1982-06-15,Estadio de Riazor; A Coruña,Peru,Cameroon,0,0
1982,Spain,236,Group 1,1982-06-18,Balaídos; Vigo,Italy,Peru,1,1
1982,Spain,237,Group 1,1982-06-19,Estadio de Riazor; A Coruña,Poland,Cameroon,0,0
1982,Spain,238,Group 1,1982-06-22,Estadio de Riazor; A Coruña,Poland,Peru,5,1
1982,Spain,239,Group 1,1982-06-23,Balaídos; Vigo,Italy,Cameroon,1,1
1982,Spain,240,Group 2,1982-06-16,El Molinón; Gijón,West Germany,Algeria,1,2
1982,Spain,241,Group 2,1982-06-17,Estadio Carlos Tartiere; Oviedo,Chile,Austria,0,1
1982,Spain,242,Group 2,1982-06-20,El Molinón; Gijón,West Germany,Chile,4,1
1982,Spain,243,Group 2,1982-06-21,Estadio Carlos Tartiere; Oviedo,Algeria,Austria,0,2
1982,Spain,244,Group 2,1982-06-24,Estadio Carlos Tartiere; Oviedo,Algeria,Chile,3,2
1982,Spain,245,Group 2,1982-06-25,El Molinón; Gijón,West Germany,Austria,1,0
1982,Spain,246,Group 3,1982-06-13,Camp Nou; Barcelona,Argentina,Belgium,0,1
1982,Spain,247,Group 3,1982-06-15,Nuevo Estadio; Elche,Hungary,El Salvador,10,1
1982,Spain,248,Group 3,1982-06-18,Estadio José Rico Pérez; Alicante,Argentina,Hungary,4,1
1982,Spain,249,Group 3,1982-06-19,Nuevo Estadio; Elche,Belgium,El Salvador,1,0
1982,Spain,250,Group 3,1982-06-22,Nuevo Estadio; Elche,Belgium,Hungary,1,1
1982,Spain,251,Group 3,1982-06-23,Estadio José Rico Pérez; Alicante,Argentina,El Salvador,2,0
1982,Spain,252,Group 4,1982-06-16,Estadio San Mamés; Bilbao,England,France,3,1
1982,Spain,253,Group 4,1982-06-17,Estadio José Zorrilla; Valladolid,Czechoslovakia,Kuwait,1,1
1982,Spain,254,Group 4,1982-06-20,Estadio San Mamés; Bilbao,England,Czechoslovakia,2,0
1982,Spain,255,Group 4,1982-06-21,Estadio José Zorrilla; Valladolid,France,Kuwait,4,1
1982,Spain,256,Group 4,1982-06-24,Estadio José Zorrilla; Valladolid,France,Czechoslovakia,1,1
1982,Spain,257,Group 4,1982-06-25,Estadio San Mamés; Bilbao,England,Kuwait,1,0
1982,Spain,258,Group 5,1982-06-16,Estadio Luis Casanova; Valencia,Spain,Honduras,1,1
1982,Spain,259,Group 5,1982-06-17,La Romareda; Zaragoza,Yugoslavia,Northern Ireland,0,0
1982,Spain,260,Group 5,1982-06-20,Estadio Luis Casanova; Valencia,Spain,Yugoslavia,2,1
1982,Spain,261,Group 5,1982-06-21,La Romareda; Zaragoza,Honduras,Northern Ireland,1,1
1982,Spain,262,Group 5,1982-06-24,La Romareda; Zaragoza,Honduras,Yugoslavia,0,1
1982,Spain,263,Group 5,1982-06-25,Estadio Luis Casanova; Valencia,Spain,Northern Ireland,0,1
1982,Spain,264,Group 6,1982-06-14,Estadio Ramón Sánchez Pizjuán; Seville,Brazil,Soviet Union,2,1
1982,Spain,265,Group 6,1982-06-15,Estadio La Rosaleda; Málaga,Scotland,New Zealand,5,2
1982,Spain,266,Group 6,1982-06-18,Estadio Benito Villamarín; Seville,Brazil,Scotland,4,1
1982,Spain,267,Group 6,1982-06-19,Estadio La Rosaleda; Málaga,Soviet Union,New Zealand,3,0
1982,Spain,268,Group 6,1982-06-22,Estadio La Rosaleda; Málaga,Soviet Union,Scotland,2,2
1982,Spain,269,Group 6,1982-06-23,Estadio Benito Villamarín; Seville,Brazil,New Zealand,4,0
1982,Spain,270,Group I,1982-06-28,Camp Nou; Barcelona,Poland,Belgium,3,0
1982,Spain,271,Group I,1982-07-01,Camp Nou; Barcelona,Belgium,Soviet Union,0,1
1982,Spain,272,Group I,1982-07-04,Camp Nou; Barcelona,Soviet Union,Poland,0,0
1982,Spain,273,Group J,1982-06-29,Estadio Santiago Bernabéu; Madrid,West Germany,England,0,0
1982,Spain,274,Group J,1982-07-02,Estadio Santiago Bernabéu; Madrid,West Germany,Spain,2,1
1982,Spain,275,Group J,1982-07-05,Estadio Santiago Bernabéu; Madrid,Spain,England,0,0
1982,Spain,276,Group K,1982-06-29,Estadio Sarriá; Barcelona,Italy,Argentina,2,1
1982,Spain,277,Group K,1982-07-02,Estadio Sarriá; Barcelona,Argentina,Brazil,1,3
1982,Spain,278,Group K,1982-07-05,Estadio Sarriá; Barcelona,Italy,Brazil,3,2
1982,Spain,279,Group L,1982-06-28,Estadio Vicente Calderón; Madrid,Austria,France,0,1
1982,Spain,280,Group L,1982-07-01,Estadio Vicente Calderón; Madrid,Austria,Northern Ireland,2,2
1982,Spain,281,Group L,1982-07-04,Estadio Vicente Calderón; Madrid,Northern Ireland,France,1,4
1982,Spain,282,Semi-finals,1982-07-08,Camp Nou; Barcelona,Poland,Italy,0,2
1982,Spain,283,Semi-finals,1982-07-08,Estadio Ramón Sánchez Pizjuán; Seville,West Germany,France,5,4
1982,Spain,284,Match for third place,1982-07-10,Estadio José Rico Pérez; Alicante,Poland,France,3,2
1982,Spain,285,Final,1982-07-11,Estadio Santiago Bernabéu,Italy,West Germany,3,1
1986,Mexico,286,Group A,1986-05-31,Estadio Azteca; Mexico City,Bulgaria,Italy,1,1
1986,Mexico,287,Group A,1986-06-02,Estadio Olímpico Universitario; Mexico City,Argentina,South Korea,3,1
1986,Mexico,288,Group A,1986-06-05,Estadio Cuauhtémoc; Puebla,Italy,Argentina,1,1
1986,Mexico,289,Group A,1986-06-05,Estadio Olímpico Universitario; Mexico City,South Korea,Bulgaria,1,1
1986,Mexico,290,Group A,1986-06-10,Estadio Cuauhtémoc; Puebla,South Korea,Italy,2,3
1986,Mexico,291,Group A,1986-06-10,Estadio Olímpico Universitario; Mexico City,Argentina,Bulgaria,2,0
1986,Mexico,292,Group B,1986-06-03,Estadio Azteca; Mexico City,Belgium,Mexico,1,2
1986,Mexico,293,Group B,1986-06-04,Estadio Nemesio Díez; Toluca,Paraguay,Iraq,1,0
1986,Mexico,294,Group B,1986-06-07,Estadio Azteca; Mexico City,Mexico,Paraguay,1,1
1986,Mexico,295,Group B,1986-06-08,Estadio Nemesio Díez; Toluca,Iraq,Belgium,1,2
1986,Mexico,296,Group B,1986-06-11,Estadio Azteca; Mexico City,Iraq,Mexico,0,1
1986,Mexico,297,Group B,1986-06-11,Estadio Nemesio Díez; Toluca,Paraguay,Belgium,2,2
1986,Mexico,298,Group C,1986-06-01,Estadio Nou Camp; León,Canada,France,0,1
1986,Mexico,299,Group C,1986-06-02,Estadio Sergio León Chavez; Irapuato,Soviet Union,Hungary,6,0
1986,Mexico,300,Group C,1986-06-05,Estadio Nou Camp; León,France,Soviet Union,1,1
1986,Mexico,301,Group C,1986-06-06,Estadio Sergio León Chavez; Irapuato,Hungary,Canada,2,0
1986,Mexico,302,Group C,1986-06-09,Estadio Nou Camp; León,Hungary,France,0,3
1986,Mexico,303,Group C,1986-06-09,Estadio Sergio León Chavez; Irapuato,Soviet Union,Canada,2,0
1986,Mexico,304,Group D,1986-06-01,Estadio Jalisco; Guadalajara,Spain,Brazil,0,1
1986,Mexico,305,Group D,1986-06-03,Estadio Tres de Marzo; Guadalajara,Algeria,Northern Ireland,1,1
1986,Mexico,306,Group D,1986-06-06,Estadio Jalisco; Guadalajara,Brazil,Algeria,1,0
1986,Mexico,307,Group D,1986-06-07,Estadio Tres de Marzo; Guadalajara,Northern Ireland,Spain,1,2
1986,Mexico,308,Group D,1986-06-12,Estadio Jalisco; Guadalajara,Northern Ireland,Brazil,0,3
1986,Mexico,309,Group D,1986-06-12,Estadio Tecnológico; Monterrey,Algeria,Spain,0,3
1986,Mexico,310,Group E,1986-06-04,Estadio La Corregidora; Querétaro,Uruguay,West Germany,1,1
1986,Mexico,311,Group E,1986-06-04,Estadio Neza 86; Nezahualcóyotl,Scotland,Denmark,0,1
1986,Mexico,312,Group E,1986-06-08,Estadio La Corregidora; Querétaro,West Germany,Scotland,2,1
1986,Mexico,313,Group E,1986-06-08,Estadio Neza 86; Nezahualcóyotl,Denmark,Uruguay,6,1
1986,Mexico,314,Group E,1986-06-13,Estadio La Corregidora; Querétaro,Denmark,West Germany,2,0
1986,Mexico,315,Group E,1986-06-13,Estadio Neza 86; Nezahualcóyotl,Scotland,Uruguay,0,0
1986,Mexico,316,Group F,1986-06-02,Estadio Universitario; Monterrey,Morocco,Poland,0,0
1986,Mexico,317,Group F,1986-06-03,Estadio Tecnológico; Monterrey,Portugal,England,1,0
1986,Mexico,318,Group F,1986-06-06,Estadio Tecnológico; Monterrey,England,Morocco,0,0
1986,Mexico,319,Group F,1986-06-07,Estadio Universitario; Monterrey,Poland,Portugal,1,0
1986,Mexico,320,Group F,1986-06-11,Estadio Tres de Marzo; Guadalajara,Portugal,Morocco,1,3
1986,Mexico,321,Group F,1986-06-11,Estadio Tecnológico; Monterrey,England,Poland,3,0
1986,Mexico,322,Round of 16,1986-06-15,Estadio Azteca; Mexico City,Mexico,Bulgaria,2,0
1986,Mexico,323,Round of 16,1986-06-15,Estadio Nou Camp; León,Soviet Union,Belgium,3,4
1986,Mexico,324,Round of 16,1986-06-16,Estadio Cuauhtémoc; Puebla,Argentina,Uruguay,1,0
1986,Mexico,325,Round of 16,1986-06-16,Estadio Jalisco; Guadalajara,Brazil,Poland,4,0
1986,Mexico,326,Round of 16,1986-06-17,Estadio Olímpico Universitario; Mexico City,Italy,France,0,2
1986,Mexico,327,Round of 16,1986-06-17,Estadio Universitario; Monterrey,Morocco,West Germany,0,1
1986,Mexico,328,Round of 16,1986-06-18,Estadio Azteca; Mexico City,England,Paraguay,3,0
1986,Mexico,329,Round of 16,1986-06-18,Estadio La Corregidora; Querétaro,Denmark,Spain,1,5
1986,Mexico,330,Quarter-finals,1986-06-21,Estadio Jalisco; Guadalajara,Brazil,France,3,4
1986,Mexico,331,Quarter-finals,1986-06-21,Estadio Universitario; Monterrey,West Germany,Mexico,4,1
1986,Mexico,332,Quarter-finals,1986-06-22,Estadio Cuauhtémoc; Puebla,Spain,Belgium,4,5
1986,Mexico,333,Quarter-finals,1986-06-22,Estadio Azteca; Mexico City,Argentina,England,2,1
1986,Mexico,334,Semi-finals,1986-06-25,Estadio Azteca; Mexico City,Argentina,Belgium,2,0
1986,Mexico,335,Semi-finals,1986-06-25,Estadio Jalisco; Guadalajara,France,West Germany,0,2
1986,Mexico,336,Match for third place,1986-06-28,Estadio Cuauhtémoc; Puebla,France,Belgium,4,2
1986,Mexico,337,Final,1986-06-29,Estadio Azteca; Mexico City,Argentina,West Germany,3,2
1990,Italy,338,Group A,1990-06-09,Stadio Olimpico; Rome,Italy,Austria,1,0
1990,Italy,339,Group A,1990-06-10,Stadio Comunale; Florence,United States,Czechoslovakia,1,5
1990,Italy,340,Group A,1990-06-14,Stadio Olimpico; Rome,Italy,United States,1,0
1990,Italy,341,Group A,1990-06-15,Stadio Comunale; Florence,Austria,Czechoslovakia,0,1
1990,Italy,342,Group A,1990-06-19,Stadio Olimpico; Rome,Italy,Czechoslovakia,2,0
1990,Italy,343,Group A,1990-06-19,Stadio Comunale; Florence,Austria,United States,2,1
1990,Italy,344,Group B,1990-06-08,San Siro; Milan,Argentina,Cameroon,0,1
1990,Italy,345,Group B,1990-06-09,Stadio San Nicola; Bari,Soviet Union,Romania,0,2
1990,Italy,346,Group B,1990-06-13,Stadio San Paolo; Naples,Argentina,Soviet Union,2,0
1990,Italy,347,Group B,1990-06-14,Stadio San Nicola; Bari,Cameroon,Romania,2,1
1990,Italy,348,Group B,1990-06-18,Stadio San Paolo; Naples,Argentina,Romania,1,1
1990,Italy,349,Group B,1990-06-18,Stadio San Nicola; Bari,Cameroon,Soviet Union,0,4
1990,Italy,350,Group C,1990-06-10,Stadio Delle Alpi; Turin,Brazil,Sweden,2,1
1990,Italy,351,Group C,1990-06-11,Stadio Luigi Ferraris; Genoa,Costa Rica,Scotland,1,0
1990,Italy,352,Group C,1990-06-16,Stadio Delle Alpi; Turin,Brazil,Costa Rica,1,0
1990,Italy,353,Group C,1990-06-16,Stadio Luigi Ferraris; Genoa,Sweden,Scotland,1,2
1990,Italy,354,Group C,1990-06-20,Stadio Delle Alpi; Turin,Brazil,Scotland,1,0
1990,Italy,355,Group C,1990-06-20,Stadio Luigi Ferraris; Genoa,Sweden,Costa Rica,1,2
1990,Italy,356,Group D,1990-06-09,Stadio Renato Dall'Ara; Bologna,United Arab Emirates,Colombia,0,2
1990,Italy,357,Group D,1990-06-10,San Siro; Milan,West Germany,Yugoslavia,4,1
1990,Italy,358,Group D,1990-06-14,Stadio Renato Dall'Ara; Bologna,Yugoslavia,Colombia,1,0
1990,Italy,359,Group D,1990-06-15,San Siro; Milan,West Germany,United Arab Emirates,5,1
1990,Italy,360,Group D,1990-06-19,San Siro; Milan,West Germany,Colombia,1,1
1990,Italy,361,Group D,1990-06-19,Stadio Renato Dall'Ara; Bologna,Yugoslavia,United Arab Emirates,4,1
1990,Italy,362,Group E,1990-06-12,Stadio Marc'Antonio Bentegodi; Verona,Belgium,South Korea,2,0
1990,Italy,363,Group E,1990-06-13,Stadio Friuli; Udine,Uruguay,Spain,0,0
1990,Italy,364,Group E,1990-06-17,Stadio Marc'Antonio Bentegodi; Verona,Belgium,Uruguay,3,1
1990,Italy,365,Group E,1990-06-17,Stadio Friuli; Udine,South Korea,Spain,1,3
1990,Italy,366,Group E,1990-06-21,Stadio Marc'Antonio Bentegodi; Verona,Belgium,Spain,1,2
1990,Italy,367,Group E,1990-06-21,Stadio Friuli; Udine,South Korea,Uruguay,0,1
1990,Italy,368,Group F,1990-06-11,Stadio Sant'Elia; Cagliari,England,Ireland,1,1
1990,Italy,369,Group F,1990-06-12,Stadio La Favorita; Palermo,Netherlands,Egypt,1,1
1990,Italy,370,Group F,1990-06-16,Stadio Sant'Elia; Cagliari,England,Netherlands,0,0
1990,Italy,371,Group F,1990-06-17,Stadio La Favorita; Palermo,Ireland,Egypt,0,0
1990,Italy,372,Group F,1990-06-21,Stadio Sant'Elia; Cagliari,England,Egypt,1,0
1990,Italy,373,Group F,1990-06-21,Stadio La Favorita; Palermo,Ireland,Netherlands,1,1
1990,Italy,374,Round of 16,1990-06-23,Stadio San Paolo; Naples,Cameroon,Colombia,2,1
1990,Italy,375,Round of 16,1990-06-23,Stadio San Nicola; Bari,Czechoslovakia,Costa Rica,4,1
1990,Italy,376,Round of 16,1990-06-24,Stadio Delle Alpi; Turin,Brazil,Argentina,0,1
1990,Italy,377,Round of 16,1990-06-24,San Siro; Milan,West Germany,Netherlands,2,1
1990,Italy,378,Round of 16,1990-06-25,Stadio Luigi Ferraris; Genoa,Ireland,Romania,5,4
1990,Italy,379,Round of 16,1990-06-25,Stadio Olimpico; Rome,Italy,Uruguay,2,0
1990,Italy,380,Round of 16,1990-06-26,Stadio Marc'Antonio Bentegodi; Verona,Spain,Yugoslavia,1,2
1990,Italy,381,Round of 16,1990-06-26,Stadio Renato Dall'Ara; Bologna,England,Belgium,1,0
1990,Italy,382,Quarter-finals,1990-06-30,Stadio Artemio Franchi; Florence,Yugoslavia,Argentina,2,3
1990,Italy,383,Quarter-finals,1990-06-30,Stadio Olimpico; Rome,Italy,Ireland,1,0
1990,Italy,384,Quarter-finals,1990-07-01,San Siro; Milan,West Germany,Czechoslovakia,1,0
1990,Italy,385,Quarter-finals,1990-07-01,Stadio San Paolo; Naples,England,Cameroon,3,2
1990,Italy,386,Semi-finals,1990-07-03,Stadio San Paolo; Naples,Italy,Argentina,3,4
1990,Italy,387,Semi-finals,1990-07-04,Stadio delle Alpi; Turin,West Germany,England,4,3
1990,Italy,388,Match for third place,1990-07-07,Stadio San Nicola; Bari,Italy,England,2,1
1990,Italy,389,Final,1990-07-08,Stadio Olimpico; Rome,West Germany,Argentina,1,0
1994,United States,390,Group A,1994-06-18,Pontiac Silverdome; Pontiac,United States,Switzerland,1,1
1994,United States,391,Group A,1994-06-18,Rose Bowl; Pasadena,Colombia,Romania,1,3
1994,United States,392,Group A,1994-06-22,Pontiac Silverdome; Pontiac,Romania,Switzerland,1,4
1994,United States,393,Group A,1994-06-22,Rose Bowl; Pasadena,United States,Colombia,2,1
1994,United States,394,Group A,1994-06-26,Rose Bowl; Pasadena,United States,Romania,0,1
1994,United States,395,Group A,1994-06-26,Stanford Stadium; Stanford,Switzerland,Colombia,0,2
1994,United States,396,Group B,1994-06-19,Rose Bowl; Pasadena,Cameroon,Sweden,2,2
1994,United States,397,Group B,1994-06-20,Stanford Stadium; Stanford,Brazil,Russia,2,0
1994,United States,398,Group B,1994-06-24,Stanford Stadium; Stanford,Brazil,Cameroon,3,0
1994,United States,399,Group B,1994-06-24,Pontiac Silverdome; Pontiac,Sweden,Russia,3,1
1994,United States,400,Group B,1994-06-28,Stanford Stadium; Stanford,Russia,Cameroon,6,1
1994,United States,401,Group B,1994-06-28,Pontiac Silverdome; Pontiac,Brazil,Sweden,1,1
1994,United States,402,Group C,1994-06-17,Soldier Field; Chicago,Germany,Bolivia,1,0
1994,United States,403,Group C,1994-06-17,Cotton Bowl; Dallas,Spain,South Korea,2,2
1994,United States,404,Group C,1994-06-21,Soldier Field; Chicago,Germany,Spain,1,1
1994,United States,405,Group C,1994-06-23,Foxboro Stadium; Foxborough,South Korea,Bolivia,0,0
1994,United States,406,Group C,1994-06-27,Soldier Field; Chicago,Bolivia,Spain,1,3
1994,United States,407,Group C,1994-06-27,Cotton Bowl; Dallas,Germany,South Korea,3,2
1994,United States,408,Group D,1994-06-21,Foxboro Stadium; Foxborough,Argentina,Greece,4,0
1994,United States,409,Group D,1994-06-21,Cotton Bowl; Dallas,Nigeria,Bulgaria,3,0
1994,United States,410,Group D,1994-06-25,Foxboro Stadium; Foxborough,Argentina,Nigeria,2,1
1994,United States,411,Group D,1994-06-26,Soldier Field; Chicago,Greece,Bulgaria,0,4
1994,United States,412,Group D,1994-06-30,Foxboro Stadium; Foxborough,Greece,Nigeria,0,2
1994,United States,413,Group D,1994-06-30,Cotton Bowl; Dallas,Argentina,Bulgaria,0,2
1994,United States,414,Group E,1994-06-18,Giants Stadium; East Rutherford,Italy,Ireland,0,1
1994,United States,415,Group E,1994-06-19,RFK Stadium; Washington,Norway,Mexico,1,0
1994,United States,416,Group E,1994-06-23,Giants Stadium; East Rutherford,Italy,Norway,1,0
1994,United States,417,Group E,1994-06-24,Citrus Bowl; Orlando,Mexico,Ireland,2,1
1994,United States,418,Group E,1994-06-28,Giants Stadium; East Rutherford,Ireland,Norway,0,0
1994,United States,419,Group E,1994-06-28,RFK Stadium; Washington,Italy,Mexico,1,1
1994,United States,420,Group F,1994-06-19,Citrus Bowl; Orlando,Belgium,Morocco,1,0
1994,United States,421,Group F,1994-06-20,RFK Stadium; Washington,Netherlands,Saudi Arabia,2,1
1994,United States,422,Group F,1994-06-25,Citrus Bowl; Orlando,Belgium,Netherlands,1,0
1994,United States,423,Group F,1994-06-25,Giants Stadium; East Rutherford,Saudi Arabia,Morocco,2,1
1994,United States,424,Group F,1994-06-29,Citrus Bowl; Orlando,Morocco,Netherlands,1,2
1994,United States,425,Group F,1994-06-29,RFK Stadium; Washington,Belgium,Saudi Arabia,0,1
1994,United States,426,Round of 16,1994-07-02,Soldier Field; Chicago,Germany,Belgium,3,2
1994,United States,427,Round of 16,1994-07-02,RFK Stadium; Washington,Spain,Switzerland,3,0
1994,United States,428,Round of 16,1994-07-03,Cotton Bowl; Dallas,Saudi Arabia,Sweden,1,3
1994,United States,429,Round of 16,1994-07-03,Rose Bowl; Pasadena,Romania,Argentina,3,2
1994,United States,430,Round of 16,1994-07-04,Citrus Bowl; Orlando,Netherlands,Ireland,2,0
1994,United States,431,Round of 16,1994-07-04,Stanford Stadium; Stanford,Brazil,United States,1,0
1994,United States,432,Round of 16,1994-07-05,Foxboro Stadium; Foxborough,Nigeria,Italy,1,2
1994,United States,433,Round of 16,1994-07-05,Giants Stadium; East Rutherford,Mexico,Bulgaria,1,3
1994,United States,434,Quarter-finals,1994-07-09,Foxboro Stadium; Foxborough,Italy,Spain,2,1
1994,United States,435,Quarter-finals,1994-07-09,Cotton Bowl; Dallas,Netherlands,Brazil,2,3
1994,United States,436,Quarter-finals,1994-07-10,Giants Stadium; East Rutherford,Bulgaria,Germany,2,1
1994,United States,437,Quarter-finals,1994-07-10,Stanford Stadium; Stanford,Romania,Sweden,4,5
1994,United States,438,Semi-finals,1994-07-13,Giants Stadium; East Rutherford,Bulgaria,Italy,1,2
1994,United States,439,Semi-finals,1994-07-13,Rose Bowl; Pasadena,Sweden,Brazil,0,1
1994,United States,440,Match for third place,1994-07-16,Rose Bowl; Pasadena,Sweden,Bulgaria,4,0
1994,United States,441,Final,1994-07-17,Rose Bowl; Pasadena,Brazil,Italy,3,2
1998,France,442,Group A,1998-06-10,Stade de France; Saint-Denis,Brazil,Scotland,2,1
1998,France,443,Group A,1998-06-10,Stade de la Mosson; Montpellier,Morocco,Norway,2,2
1998,France,444,Group A,1998-06-16,Parc Lescure; Bordeaux,Scotland,Norway,1,1
1998,France,445,Group A,1998-06-16,Stade de la Beaujoire; Nantes,Brazil,Morocco,3,0
1998,France,446,Group A,1998-06-23,Stade Geoffroy-Guichard; Saint-Étienne,Scotland,Morocco,0,3
1998,France,447,Group A,1998-06-23,Stade Vélodrome; Marseille,Brazil,Norway,1,2
1998,France,448,Group B,1998-06-11,Stade de Toulouse; Toulouse,Cameroon,Austria,1,1
1998,France,449,Group B,1998-06-11,Parc Lescure; Bordeaux,Italy,Chile,2,2
1998,France,450,Group B,1998-06-17,Stade Geoffroy-Guichard; Saint-Étienne,Chile,Austria,1,1
1998,France,451,Group B,1998-06-17,Stade de la Mosson; Montpellier,Italy,Cameroon,3,0
1998,France,452,Group B,1998-06-23,Stade de France; Saint-Denis,Italy,Austria,2,1
1998,France,453,Group B,1998-06-23,Stade de la Beaujoire; Nantes,Chile,Cameroon,1,1
1998,France,454,Group C,1998-06-12,Stade Félix Bollaert; Lens,Saudi Arabia,Denmark,0,1
1998,France,455,Group C,1998-06-12,Stade Vélodrome; Marseille,France,South Africa,3,0
1998,France,456,Group C,1998-06-18,Stade de France; Saint-Denis,France,Saudi Arabia,4,0
1998,France,457,Group C,1998-06-18,Stade de Toulouse; Toulouse,South Africa,Denmark,1,1
1998,France,458,Group C,1998-06-24,Stade Gerland; Lyon,France,Denmark,2,1
1998,France,459,Group C,1998-06-24,Parc Lescure; Bordeaux,South Africa,Saudi Arabia,2,2
1998,France,460,Group D,1998-06-12,Stade de la Mosson; Montpellier,Paraguay,Bulgaria,0,0
1998,France,461,Group D,1998-06-13,Stade de la Beaujoire; Nantes,Spain,Nigeria,2,3
1998,France,462,Group D,1998-06-19,Parc des Princes; Paris,Nigeria,Bulgaria,1,0
1998,France,463,Group D,1998-06-19,Stade Geoffroy-Guichard; Saint-Étienne,Spain,Paraguay,0,0
1998,France,464,Group D,1998-06-24,Stade Félix Bollaert; Lens,Spain,Bulgaria,6,1
1998,France,465,Group D,1998-06-24,Stade de Toulouse; Toulouse,Nigeria,Paraguay,1,3
1998,France,466,Group E,1998-06-13,Stade de France; Saint-Denis,Netherlands,Belgium,0,0
1998,France,467,Group E,1998-06-13,Stade Gerland; Lyon,South Korea,Mexico,1,3
1998,France,468,Group E,1998-06-20,Stade Vélodrome; Marseille,Netherlands,South Korea,5,0
1998,France,469,Group E,1998-06-20,Parc Lescure; Bordeaux,Belgium,Mexico,2,2
1998,France,470,Group E,1998-06-25,Parc des Princes; Paris,Belgium,South Korea,1,1
1998,France,471,Group E,1998-06-25,Stade Geoffroy-Guichard; Saint-Étienne,Netherlands,Mexico,2,2
1998,France,472,Group F,1998-06-14,Stade Geoffroy-Guichard; Saint-Étienne,Yugoslavia,Iran,1,0
1998,France,473,Group F,1998-06-15,Parc des Princes; Paris,Germany,United States,2,0
1998,France,474,Group F,1998-06-21,Stade Félix Bollaert; Lens,Germany,Yugoslavia,2,2
1998,France,475,Group F,1998-06-21,Stade Gerland; Lyon,United States,Iran,1,2
1998,France,476,Group F,1998-06-25,Stade de la Mosson; Montpellier,Germany,Iran,2,0
1998,France,477,Group F,1998-06-25,Stade de la Beaujoire; Nantes,United States,Yugoslavia,0,1
1998,France,478,Group G,1998-06-15,Stade Gerland; Lyon,Romania,Colombia,1,0
1998,France,479,Group G,1998-06-15,Stade Vélodrome; Marseille,England,Tunisia,2,0
1998,France,480,Group G,1998-06-22,Stade de la Mosson; Montpellier,Colombia,Tunisia,1,0
1998,France,481,Group G,1998-06-22,Stade de Toulouse; Toulouse,Romania,England,2,1
1998,France,482,Group G,1998-06-26,Stade de France; Saint-Denis,Romania,Tunisia,1,1
1998,France,483,Group G,1998-06-26,Stade Félix Bollaert; Lens,Colombia,England,0,2
1998,France,484,Group H,1998-06-14,Stade Félix Bollaert; Lens,Jamaica,Croatia,1,3
1998,France,485,Group H,1998-06-14,Stade de Toulouse; Toulouse,Argentina,Japan,1,0
1998,France,486,Group H,1998-06-20,Stade de la Beaujoire; Nantes,Japan,Croatia,0,1
1998,France,487,Group H,1998-06-21,Parc des Princes; Paris,Argentina,Jamaica,5,0
1998,France,488,Group H,1998-06-26,Stade Gerland; Lyon,Japan,Jamaica,1,2
1998,France,489,Group H,1998-06-26,Parc Lescure; Bordeaux,Argentina,Croatia,1,0
1998,France,490,Round of 16,1998-06-27,Parc des Princes; Paris,Brazil,Chile,4,1
1998,France,491,Round of 16,1998-06-27,Stade Vélodrome; Marseille,Italy,Norway,1,0
1998,France,492,Round of 16,1998-06-28,Stade de France; Saint-Denis,Nigeria,Denmark,1,4
1998,France,493,Round of 16,1998-06-28,Stade Félix Bollaert; Lens,France,Paraguay,1,0
1998,France,494,Round of 16,1998-06-29,Stade de la Mosson; Montpellier,Germany,Mexico,2,1
1998,France,495,Round of 16,1998-06-29,Stade de Toulouse; Toulouse,Netherlands,Yugoslavia,2,1
1998,France,496,Round of 16,1998-06-30,Stade Geoffroy-Guichard; Saint-Étienne,Argentina,England,4,3
1998,France,497,Round of 16,1998-06-30,Parc Lescure; Bordeaux,Romania,Croatia,0,1
1998,France,498,Quarter-finals,1998-07-03,Stade de France; Saint-Denis,Italy,France,3,4
1998,France,499,Quarter-finals,1998-07-03,Stade de la Beaujoire; Nantes,Brazil,Denmark,3,2
1998,France,500,Quarter-finals,1998-07-04,Stade Gerland; Lyon,Germany,Croatia,0,3
1998,France,501,Quarter-finals,1998-07-04,Stade Vélodrome; Marseille,Netherlands,Argentina,2,1
1998,France,502,Semi-finals,1998-07-07,Stade Vélodrome; Marseille,Brazil,Netherlands,4,2
1998,France,503,Semi-finals,1998-07-08,Stade de France; Saint-Denis,France,Croatia,2,1
1998,France,504,Match for third place,1998-07-11,Parc des Princes; Paris,Netherlands,Croatia,1,2
1998,France,505,Final,1998-07-12,Stade de France; Saint-Denis,Brazil,France,0,3
2002,South Korea/Japan,506,Group A,2002-05-31,Seoul World Cup Stadium; Seoul,France,Senegal,0,1
2002,South Korea/Japan,507,Group A,2002-06-01,Munsu Cup Stadium; Ulsan,Uruguay,Denmark,1,2
2002,South Korea/Japan,508,Group A,2002-06-06,Asiad Main Stadium; Busan,France,Uruguay,0,0
2002,South Korea/Japan,509,Group A,2002-06-06,Daegu World Cup Stadium; Daegu,Denmark,Senegal,1,1
2002,South Korea/Japan,510,Group A,2002-06-11,Incheon Munhak Stadium; Incheon,Denmark,France,2,0
2002,South Korea/Japan,511,Group A,2002-06-11,Suwon World Cup Stadium; Suwon,Senegal,Uruguay,3,3
2002,South Korea/Japan,512,Group B,2002-06-02,Asiad Main Stadium; Busan,Paraguay,South Africa,2,2
2002,South Korea/Japan,513,Group B,2002-06-02,Gwangju World Cup Stadium; Gwangju,Spain,Slovenia,3,1
2002,South Korea/Japan,514,Group B,2002-06-07,Jeonju World Cup Stadium; Jeonju,Spain,Paraguay,3,1
2002,South Korea/Japan,515,Group B,2002-06-08,Daegu World Cup Stadium; Daegu,South Africa,Slovenia,1,0
2002,South Korea/Japan,516,Group B,2002-06-12,Daejeon World Cup Stadium; Daejeon,South Africa,Spain,2,3
2002,South Korea/Japan,517,Group B,2002-06-12,Jeju World Cup Stadium; Jeju,Slovenia,Paraguay,1,3
2002,South Korea/Japan,518,Group C,2002-06-03,Munsu Cup Stadium; Ulsan,Brazil,Turkey,2,1
2002,South Korea/Japan,519,Group C,2002-06-04,Gwangju World Cup Stadium; Gwangju,China,Costa Rica,0,2
2002,South Korea/Japan,520,Group C,2002-06-08,Jeju World Cup Stadium; Jeju,Brazil,China,4,0
2002,South Korea/Japan,521,Group C,2002-06-09,Incheon Munhak Stadium; Incheon,Costa Rica,Turkey,1,1
2002,South Korea/Japan,522,Group C,2002-06-13,Suwon World Cup Stadium; Suwon,Costa Rica,Brazil,2,5
2002,South Korea/Japan,523,Group C,2002-06-13,Seoul World Cup Stadium; Seoul,Turkey,China,3,0
2002,South Korea/Japan,524,Group D,2002-06-04,Asiad Main Stadium; Busan,South Korea,Poland,2,0
2002,South Korea/Japan,525,Group D,2002-06-05,Suwon World Cup Stadium; Suwon,United States,Portugal,3,2
2002,South Korea/Japan,526,Group D,2002-06-10,Daegu World Cup Stadium; Daegu,South Korea,United States,1,1
2002,South Korea/Japan,527,Group D,2002-06-10,Jeonju World Cup Stadium; Jeonju,Portugal,Poland,4,0
2002,South Korea/Japan,528,Group D,2002-06-14,Incheon Munhak Stadium; Incheon,Portugal,South Korea,0,1
2002,South Korea/Japan,529,Group D,2002-06-14,Daejeon World Cup Stadium; Daejeon,Poland,United States,3,1
2002,South Korea/Japan,530,Group E,2002-06-01,Niigata Stadium; Niigata,Ireland,Cameroon,1,1
2002,South Korea/Japan,531,Group E,2002-06-01,Sapporo Dome; Sapporo,Germany,Saudi Arabia,8,0
2002,South Korea/Japan,532,Group E,2002-06-05,Kashima Soccer Stadium; Ibaraki,Germany,Ireland,1,1
2002,South Korea/Japan,533,Group E,2002-06-06,Saitama Stadium; Saitama,Cameroon,Saudi Arabia,1,0
2002,South Korea/Japan,534,Group E,2002-06-11,Shizuoka Stadium; Shizuoka,Cameroon,Germany,0,2
2002,South Korea/Japan,535,Group E,2002-06-11,International Stadium Yokohama; Yokohama,Saudi Arabia,Ireland,0,3
2002,South Korea/Japan,536,Group F,2002-06-02,Saitama Stadium; Saitama,England,Sweden,1,1
2002,South Korea/Japan,537,Group F,2002-06-02,Kashima Soccer Stadium; Ibaraki,Argentina,Nigeria,1,0
2002,South Korea/Japan,538,Group F,2002-06-07,Kobe Wing Stadium; Kobe,Sweden,Nigeria,2,1
2002,South Korea/Japan,539,Group F,2002-06-07,Sapporo Dome; Sapporo,Argentina,England,0,1
2002,South Korea/Japan,540,Group F,2002-06-12,Miyagi Stadium; Miyagi,Sweden,Argentina,1,1
2002,South Korea/Japan,541,Group F,2002-06-12,Nagai Stadium; Osaka,Nigeria,England,0,0
2002,South Korea/Japan,542,Group G,2002-06-03,Niigata Stadium; Niigata,Croatia,Mexico,0,1
2002,South Korea/Japan,543,Group G,2002-06-03,Sapporo Dome; Sapporo,Italy,Ecuador,2,0
2002,South Korea/Japan,544,Group G,2002-06-08,Kashima Soccer Stadium; Ibaraki,Italy,Croatia,1,2
2002,South Korea/Japan,545,Group G,2002-06-09,Miyagi Stadium; Miyagi,Mexico,Ecuador,2,1
2002,South Korea/Japan,546,Group G,2002-06-13,Ōita Stadium; Ōita,Mexico,Italy,1,1
2002,South Korea/Japan,547,Group G,2002-06-13,International Stadium Yokohama; Yokohama,Ecuador,Croatia,1,0
2002,South Korea/Japan,548,Group H,2002-06-04,Saitama Stadium; Saitama,Japan,Belgium,2,2
2002,South Korea/Japan,549,Group H,2002-06-05,Kobe Wing Stadium; Kobe,Russia,Tunisia,2,0
2002,South Korea/Japan,550,Group H,2002-06-09,International Stadium Yokohama; Yokohama,Japan,Russia,1,0
2002,South Korea/Japan,551,Group H,2002-06-10,Ōita Stadium; Ōita,Tunisia,Belgium,1,1
2002,South Korea/Japan,552,Group H,2002-06-14,Nagai Stadium; Osaka,Tunisia,Japan,0,2
2002,South Korea/Japan,553,Group H,2002-06-14,Shizuoka Stadium; Shizuoka,Belgium,Russia,3,2
2002,South Korea/Japan,554,Round of 16,2002-06-15,Jeju World Cup Stadium; Jeju,Germany,Paraguay,1,0
2002,South Korea/Japan,555,Round of 16,2002-06-15,Niigata Stadium; Niigata,Denmark,England,0,3
2002,South Korea/Japan,556,Round of 16,2002-06-16,Ōita Stadium; Ōita,Sweden,Senegal,1,2
2002,South Korea/Japan,557,Round of 16,2002-06-16,Suwon World Cup Stadium; Suwon,Spain,Ireland,3,2
2002,South Korea/Japan,558,Round of 16,2002-06-17,Jeonju World Cup Stadium; Jeonju,Mexico,United States,0,2
2002,South Korea/Japan,559,Round of 16,2002-06-17,Kobe Wing Stadium; Kobe,Brazil,Belgium,2,0
2002,South Korea/Japan,560,Round of 16,2002-06-18,Miyagi Stadium; Miyagi,Japan,Turkey,0,1
2002,South Korea/Japan,561,Round of 16,2002-06-18,Daejeon World Cup Stadium; Daejeon,South Korea,Italy,2,1
2002,South Korea/Japan,562,Quarter-finals,2002-06-21,Shizuoka Stadium; Shizuoka,England,Brazil,1,2
2002,South Korea/Japan,563,Quarter-finals,2002-06-21,Munsu Cup Stadium; Ulsan,Germany,United States,1,0
2002,South Korea/Japan,564,Quarter-finals,2002-06-22,Gwangju World Cup Stadium; Gwangju,Spain,South Korea,3,5
2002,South Korea/Japan,565,Quarter-finals,2002-06-22,Nagai Stadium; Osaka,Senegal,Turkey,0,1
2002,South Korea/Japan,566,Semi-finals,2002-06-25,Seoul World Cup Stadium; Seoul,Germany,South Korea,1,0
2002,South Korea/Japan,567,Semi-finals,2002-06-26,Saitama Stadium; Saitama,Brazil,Turkey,1,0
2002,South Korea/Japan,568,Match for third place,2002-06-29,Daegu World Cup Stadium; Daegu,South Korea,Turkey,2,3
2002,South Korea/Japan,569,Final,2002-06-30,International Stadium Yokohama; Yokohama,Germany,Brazil,0,2
2006,Germany,570,Group A,2006-06-09,Allianz Arena; München,Germany,Costa Rica,4,2
2006,Germany,571,Group A,2006-06-09,Veltins-Arena; Gelsenkirchen,Poland,Ecuador,0,2
2006,Germany,572,Group A,2006-06-14,Signal Iduna Park; Dortmund,Germany,Poland,1,0
2006,Germany,573,Group A,2006-06-15,AOL Arena; Hamburg,Ecuador,Costa Rica,3,0
2006,Germany,574,Group A,2006-06-20,Olympiastadion; Berlin,Ecuador,Germany,0,3
2006,Germany,575,Group A,2006-06-20,AWD-Arena; Hannover,Costa Rica,Poland,1,2
2006,Germany,576,Group B,2006-06-10,Commerzbank-Arena; Frankfurt,England,Paraguay,1,0
2006,Germany,577,Group B,2006-06-10,Signal Iduna Park; Dortmund,Trinidad and Tobago,Sweden,0,0
2006,Germany,578,Group B,2006-06-15,Frankenstadion; Nürnberg,England,Trinidad and Tobago,2,0
2006,Germany,579,Group B,2006-06-15,Olympiastadion; Berlin,Sweden,Paraguay,1,0
2006,Germany,580,Group B,2006-06-20,RheinEnergieStadion; Köln,Sweden,England,2,2
2006,Germany,581,Group B,2006-06-20,Fritz-Walter-Stadion; Kaiserslautern,Paraguay,Trinidad and Tobago,2,0
2006,Germany,582,Group C,2006-06-10,AOL Arena; Hamburg,Argentina,Côte d'Ivoire,2,1
2006,Germany,583,Group C,2006-06-11,Zentralstadion; Leipzig,Serbia,Netherlands,0,1
2006,Germany,584,Group C,2006-06-16,Veltins-Arena; Gelsenkirchen,Argentina,Serbia,6,0
2006,Germany,585,Group C,2006-06-16,Gottlieb-Daimler-Stadion; Stuttgart,Netherlands,Côte d'Ivoire,2,1
2006,Germany,586,Group C,2006-06-21,Commerzbank-Arena; Frankfurt,Netherlands,Argentina,0,0
2006,Germany,587,Group C,2006-06-21,Allianz Arena; München,Côte d'Ivoire,Serbia,3,2
2006,Germany,588,Group D,2006-06-11,Frankenstadion; Nürnberg,Mexico,Iran,3,1
2006,Germany,589,Group D,2006-06-11,RheinEnergieStadion; Köln,Angola,Portugal,0,1
2006,Germany,590,Group D,2006-06-16,AWD-Arena; Hannover,Mexico,Angola,0,0
2006,Germany,591,Group D,2006-06-17,Commerzbank-Arena; Frankfurt,Portugal,Iran,2,0
2006,Germany,592,Group D,2006-06-21,Veltins-Arena; Gelsenkirchen,Portugal,Mexico,2,1
2006,Germany,593,Group D,2006-06-21,Zentralstadion; Leipzig,Iran,Angola,1,1
2006,Germany,594,Group E,2006-06-12,AWD-Arena; Hannover,Italy,Ghana,2,0
2006,Germany,595,Group E,2006-06-12,Veltins-Arena; Gelsenkirchen,United States,Czech Republic,0,3
2006,Germany,596,Group E,2006-06-17,Fritz-Walter-Stadion; Kaiserslautern,Italy,United States,1,1
2006,Germany,597,Group E,2006-06-17,RheinEnergieStadion; Köln,Czech Republic,Ghana,0,2
2006,Germany,598,Group E,2006-06-22,AOL Arena; Hamburg,Czech Republic,Italy,0,2
2006,Germany,599,Group E,2006-06-22,Frankenstadion; Nürnberg,Ghana,United States,2,1
2006,Germany,600,Group F,2006-06-13,Olympiastadion; Berlin,Brazil,Croatia,1,0
2006,Germany,601,Group F,2006-06-12,Fritz-Walter-Stadion; Kaiserslautern,Australia,Japan,3,1
2006,Germany,602,Group F,2006-06-18,Allianz Arena; München,Brazil,Australia,2,0
2006,Germany,603,Group F,2006-06-18,Frankenstadion; Nürnberg,Japan,Croatia,0,0
2006,Germany,604,Group F,2006-06-22,Signal Iduna Park; Dortmund,Japan,Brazil,1,4
2006,Germany,605,Group F,2006-06-22,Gottlieb-Daimler-Stadion; Stuttgart,Croatia,Australia,2,2
2006,Germany,606,Group G,2006-06-13,Gottlieb-Daimler-Stadion; Stuttgart,France,Switzerland,0,0
2006,Germany,607,Group G,2006-06-13,Commerzbank-Arena; Frankfurt,South Korea,Togo,2,1
2006,Germany,608,Group G,2006-06-18,Zentralstadion; Leipzig,France,South Korea,1,1
2006,Germany,609,Group G,2006-06-19,Signal Iduna Park; Dortmund,Togo,Switzerland,0,2
2006,Germany,610,Group G,2006-06-23,RheinEnergieStadion; Köln,Togo,France,0,2
2006,Germany,611,Group G,2006-06-23,AWD-Arena; Hannover,Switzerland,South Korea,2,0
2006,Germany,612,Group H,2006-06-14,Zentralstadion; Leipzig,Spain,Ukraine,4,0
2006,Germany,613,Group H,2006-06-14,Allianz Arena; München,Tunisia,Saudi Arabia,2,2
2006,Germany,614,Group H,2006-06-19,Gottlieb-Daimler-Stadion; Stuttgart,Spain,Tunisia,3,1
2006,Germany,615,Group H,2006-06-19,AOL Arena; Hamburg,Saudi Arabia,Ukraine,0,4
2006,Germany,616,Group H,2006-06-23,Fritz-Walter-Stadion; Kaiserslautern,Saudi Arabia,Spain,0,1
2006,Germany,617,Group H,2006-06-23,Olympiastadion; Berlin,Ukraine,Tunisia,1,0
2006,Germany,618,Round of 16,2006-06-24,Allianz Arena; München,Germany,Sweden,2,0
2006,Germany,619,Round of 16,2006-06-24,Zentralstadion; Leipzig,Argentina,Mexico,2,1
2006,Germany,620,Round of 16,2006-06-25,Gottlieb-Daimler-Stadion; Stuttgart,England,Ecuador,1,0
2006,Germany,621,Round of 16,2006-06-25,Frankenstadion; Nürnberg,Portugal,Netherlands,1,0
2006,Germany,622,Round of 16,2006-06-26,Fritz-Walter-Stadion; Kaiserslautern,Italy,Australia,1,0
2006,Germany,623,Round of 16,2006-06-26,RheinEnergieStadion; Köln,Switzerland,Ukraine,0,3
2006,Germany,624,Round of 16,2006-06-27,Signal Iduna Park; Dortmund,Brazil,Ghana,3,0
2006,Germany,625,Round of 16,2006-06-27,AWD-Arena; Hannover,Spain,France,1,3
2006,Germany,626,Quarter-finals,2006-06-30,Olympiastadion; Berlin,Germany,Argentina,4,2
2006,Germany,627,Quarter-finals,2006-06-30,AOL Arena; Hamburg,Italy,Ukraine,3,0
2006,Germany,628,Quarter-finals,2006-07-01,Veltins-Arena; Gelsenkirchen,England,Portugal,1,3
2006,Germany,629,Quarter-finals,2006-07-01,Commerzbank-Arena; Frankfurt,Brazil,France,0,1
2006,Germany,630,Semi-finals,2006-07-04,Signal Iduna Park; Dortmund,Germany,Italy,0,2
2006,Germany,631,Semi-finals,2006-07-05,Allianz Arena; München,Portugal,France,0,1
2006,Germany,632,Match for third place,2006-07-08,Gottlieb-Daimler-Stadion; Stuttgart,Germany,Portugal,3,1
2006,Germany,633,Final,2006-07-09,Olympiastadion; Berlin,Italy,France,5,3
2010,South Africa,634,Group A,2010-06-11,Soccer City; Johannesburg,South Africa,Mexico,1,1
2010,South Africa,635,Group A,2010-06-11,Cape Town Stadium; Cape Town,Uruguay,France,0,0
2010,South Africa,636,Group A,2010-06-16,Loftus Versfeld Stadium; Pretoria,South Africa,Uruguay,0,3
2010,South Africa,637,Group A,2010-06-17,Peter Mokaba Stadium; Polokwane,France,Mexico,0,2
2010,South Africa,638,Group A,2010-06-22,Royal Bafokeng Stadium; Rustenburg,Mexico,Uruguay,0,1
2010,South Africa,639,Group A,2010-06-22,Free State Stadium; Bloemfontein,France,South Africa,1,2
2010,South Africa,640,Group B,2010-06-12,Nelson Mandela Bay Stadium; Port Elizabeth,South Korea,Greece,2,0
2010,South Africa,641,Group B,2010-06-12,Ellis Park Stadium; Johannesburg,Argentina,Nigeria,1,0
2010,South Africa,642,Group B,2010-06-17,Soccer City; Johannesburg,Argentina,South Korea,4,1
2010,South Africa,643,Group B,2010-06-17,Free State Stadium; Bloemfontein,Greece,Nigeria,2,1
2010,South Africa,644,Group B,2010-06-22,Moses Mabhida Stadium; Durban,Nigeria,South Korea,2,2
2010,South Africa,645,Group B,2010-06-22,Peter Mokaba Stadium; Polokwane,Greece,Argentina,0,2
2010,South Africa,646,Group C,2010-06-12,Royal Bafokeng Stadium; Rustenburg,England,United States,1,1
2010,South Africa,647,Group C,2010-06-13,Peter Mokaba Stadium; Polokwane,Algeria,Slovenia,0,1
2010,South Africa,648,Group C,2010-06-18,Ellis Park Stadium; Johannesburg,Slovenia,United States,2,2
2010,South Africa,649,Group C,2010-06-18,Cape Town Stadium; Cape Town,England,Algeria,0,0
2010,South Africa,650,Group C,2010-06-23,Loftus Versfeld Stadium; Pretoria,United States,Algeria,1,0
2010,South Africa,651,Group C,2010-06-23,Nelson Mandela Bay Stadium; Port Elizabeth,Slovenia,England,0,1
2010,South Africa,652,Group D,2010-06-13,Loftus Versfeld Stadium; Pretoria,Serbia,Ghana,0,1
2010,South Africa,653,Group D,2010-06-13,Moses Mabhida Stadium; Durban,Germany,Australia,4,0
2010,South Africa,654,Group D,2010-06-18,Nelson Mandela Bay Stadium; Port Elizabeth,Germany,Serbia,0,1
2010,South Africa,655,Group D,2010-06-19,Royal Bafokeng Stadium; Rustenburg,Ghana,Australia,1,1
2010,South Africa,656,Group D,2010-06-23,Mbombela Stadium; Nelspruit,Australia,Serbia,2,1
2010,South Africa,657,Group D,2010-06-23,Soccer City; Johannesburg,Ghana,Germany,0,1
2010,South Africa,658,Group E,2010-06-14,Soccer City; Johannesburg,Netherlands,Denmark,2,0
2010,South Africa,659,Group E,2010-06-14,Free State Stadium; Bloemfontein,Japan,Cameroon,1,0
2010,South Africa,660,Group E,2010-06-19,Moses Mabhida Stadium; Durban,Netherlands,Japan,1,0
2010,South Africa,661,Group E,2010-06-19,Loftus Versfeld Stadium; Pretoria,Cameroon,Denmark,1,2
2010,South Africa,662,Group E,2010-06-24,Royal Bafokeng Stadium; Rustenburg,Denmark,Japan,1,3
2010,South Africa,663,Group E,2010-06-24,Cape Town Stadium; Cape Town,Cameroon,Netherlands,1,2
2010,South Africa,664,Group F,2010-06-14,Cape Town Stadium; Cape Town,Italy,Paraguay,1,1
2010,South Africa,665,Group F,2010-06-15,Royal Bafokeng Stadium; Rustenburg,New Zealand,Slovakia,1,1
2010,South Africa,666,Group F,2010-06-20,Free State Stadium; Bloemfontein,Slovakia,Paraguay,0,2
2010,South Africa,667,Group F,2010-06-20,Mbombela Stadium; Nelspruit,Italy,New Zealand,1,1
2010,South Africa,668,Group F,2010-06-24,Ellis Park Stadium; Johannesburg,Slovakia,Italy,3,2
2010,South Africa,669,Group F,2010-06-24,Peter Mokaba Stadium; Polokwane,Paraguay,New Zealand,0,0
2010,South Africa,670,Group G,2010-06-15,Nelson Mandela Bay Stadium; Port Elizabeth,Côte d'Ivoire,Portugal,0,0
2010,South Africa,671,Group G,2010-06-15,Ellis Park Stadium; Johannesburg,Brazil,North Korea,2,1
2010,South Africa,672,Group G,2010-06-20,Soccer City; Johannesburg,Brazil,Côte d'Ivoire,3,1
2010,South Africa,673,Group G,2010-06-21,Cape Town Stadium; Cape Town,Portugal,North Korea,7,0
2010,South Africa,674,Group G,2010-06-25,Moses Mabhida Stadium; Durban,Portugal,Brazil,0,0
2010,South Africa,675,Group G,2010-06-25,Mbombela Stadium; Nelspruit,North Korea,Côte d'Ivoire,0,3
2010,South Africa,676,Group H,2010-06-16,Mbombela Stadium; Nelspruit,Honduras,Chile,0,1
2010,South Africa,677,Group H,2010-06-16,Moses Mabhida Stadium; Durban,Spain,Switzerland,0,1
2010,South Africa,678,Group H,2010-06-21,Nelson Mandela Bay Stadium; Port Elizabeth,Chile,Switzerland,1,0
2010,South Africa,679,Group H,2010-06-21,Ellis Park Stadium; Johannesburg,Spain,Honduras,2,0
2010,South Africa,680,Group H,2010-06-25,Loftus Versfeld Stadium; Pretoria,Chile,Spain,1,2
2010,South Africa,681,Group H,2010-06-25,Free State Stadium; Bloemfontein,Switzerland,Honduras,0,0
2010,South Africa,682,Round of 16,2010-06-26,Nelson Mandela Bay Stadium; Port Elizabeth,Uruguay,South Korea,2,1
2010,South Africa,683,Round of 16,2010-06-26,Royal Bafokeng Stadium; Rustenburg,United States,Ghana,1,2
2010,South Africa,684,Round of 16,2010-06-27,Free State Stadium; Bloemfontein,Germany,England,4,1
2010,South Africa,685,Round of 16,2010-06-27,Soccer City; Johannesburg,Argentina,Mexico,3,1
2010,South Africa,686,Round of 16,2010-06-28,Moses Mabhida Stadium; Durban,Netherlands,Slovakia,2,1
2010,South Africa,687,Round of 16,2010-06-28,Ellis Park Stadium; Johannesburg,Brazil,Chile,3,0
2010,South Africa,688,Round of 16,2010-06-29,Loftus Versfeld Stadium; Pretoria,Paraguay,Japan,5,3
2010,South Africa,689,Round of 16,2010-06-29,Cape Town Stadium; Cape Town,Spain,Portugal,1,0
2010,South Africa,690,Quarter-finals,2010-07-02,Nelson Mandela Bay Stadium; Port Elizabeth,Netherlands,Brazil,2,1
2010,South Africa,691,Quarter-finals,2010-07-02,Soccer City; Johannesburg,Uruguay,Ghana,4,2
2010,South Africa,692,Quarter-finals,2010-07-03,Cape Town Stadium; Cape Town,Argentina,Germany,0,4
2010,South Africa,693,Quarter-finals,2010-07-03,Ellis Park Stadium; Johannesburg,Paraguay,Spain,0,1
2010,South Africa,694,Semi-finals,2010-07-06,Cape Town Stadium; Cape Town,Uruguay,Netherlands,2,3
2010,South Africa,695,Semi-finals,2010-07-07,Moses Mabhida Stadium; Durban,Germany,Spain,0,1
2010,South Africa,696,Match for third place,2010-07-10,Nelson Mandela Bay Stadium; Port Elizabeth,Uruguay,Germany,2,3
2010,South Africa,697,Final,2010-07-11,Soccer City; Johannesburg,Netherlands,Spain,0,1
2014,Brazil,698,Group A,2014-06-12,Arena de São Paulo; São Paulo (UTC-3),Brazil,Croatia,3,1
2014,Brazil,699,Group A,2014-06-13,Estádio das Dunas; Natal (UTC-3),Mexico,Cameroon,1,0
2014,Brazil,700,Group A,2014-06-17,Estádio Castelão; Fortaleza (UTC-3),Brazil,Mexico,0,0
2014,Brazil,701,Group A,2014-06-18,Arena Amazônia; Manaus (UTC-4),Cameroon,Croatia,0,4
2014,Brazil,702,Group A,2014-06-23,Estádio Nacional Mané Garrincha; Brasília (UTC-3),Cameroon,Brazil,1,4
2014,Brazil,703,Group A,2014-06-23,Arena Pernambuco; Recife (UTC-3),Croatia,Mexico,1,3
2014,Brazil,704,Group B,2014-06-13,Arena Fonte Nova; Salvador (UTC-3),Spain,Netherlands,1,5
2014,Brazil,705,Group B,2014-06-13,Arena Pantanal; Cuiabá (UTC-4),Chile,Australia,3,1
2014,Brazil,706,Group B,2014-06-18,Estádio do Maracanã; Rio de Janeiro (UTC-3),Spain,Chile,0,2
2014,Brazil,707,Group B,2014-06-18,Estádio Beira-Rio; Porto Alegre (UTC-3),Australia,Netherlands,2,3
2014,Brazil,708,Group B,2014-06-23,Arena da Baixada; Curitiba (UTC-3),Australia,Spain,0,3
2014,Brazil,709,Group B,2014-06-23,Arena de São Paulo; São Paulo (UTC-3),Netherlands,Chile,2,0
2014,Brazil,710,Group C,2014-06-14,Estádio Mineirão; Belo Horizonte (UTC-3),Colombia,Greece,3,0
2014,Brazil,711,Group C,2014-06-14,Arena Pernambuco; Recife (UTC-3),Côte d'Ivoire,Japan,2,1
2014,Brazil,712,Group C,2014-06-19,Estádio Nacional Mané Garrincha; Brasília (UTC-3),Colombia,Côte d'Ivoire,2,1
2014,Brazil,713,Group C,2014-06-19,Estádio das Dunas; Natal (UTC-3),Japan,Greece,0,0
2014,Brazil,714,Group C,2014-06-24,Arena Pantanal; Cuiabá (UTC-4),Japan,Colombia,1,4
2014,Brazil,715,Group C,2014-06-24,Estádio Castelão; Fortaleza (UTC-3),Greece,Côte d'Ivoire,2,1
2014,Brazil,716,Group D,2014-06-14,Estádio Castelão; Fortaleza (UTC-3),Uruguay,Costa Rica,1,3
2014,Brazil,717,Group D,2014-06-14,Arena Amazônia; Manaus (UTC-4),England,Italy,1,2
2014,Brazil,718,Group D,2014-06-19,Arena de São Paulo; São Paulo (UTC-3),Uruguay,England,2,1
2014,Brazil,719,Group D,2014-06-20,Arena Pernambuco; Recife (UTC-3),Italy,Costa Rica,0,1
2014,Brazil,720,Group D,2014-06-24,Estádio das Dunas; Natal (UTC-3),Italy,Uruguay,0,1
2014,Brazil,721,Group D,2014-06-24,Estádio Mineirão; Belo Horizonte (UTC-3),Costa Rica,England,0,0
2014,Brazil,722,Group E,2014-06-15,Estádio Nacional Mané Garrincha; Brasília (UTC-3),Switzerland,Ecuador,2,1
2014,Brazil,723,Group E,2014-06-15,Estádio Beira-Rio; Porto Alegre (UTC-3),France,Honduras,3,0
2014,Brazil,724,Group E,2014-06-20,Arena Fonte Nova; Salvador (UTC-3),Switzerland,France,2,5
2014,Brazil,725,Group E,2014-06-20,Arena da Baixada; Curitiba (UTC-3),Honduras,Ecuador,1,2
2014,Brazil,726,Group E,2014-06-25,Arena Amazônia; Manaus (UTC-4),Honduras,Switzerland,0,3
2014,Brazil,727,Group E,2014-06-25,Estádio do Maracanã; Rio de Janeiro (UTC-3),Ecuador,France,0,0
2014,Brazil,728,Group F,2014-06-15,Estádio do Maracanã; Rio de Janeiro (UTC-3),Argentina,Bosnia-Herzegovina,2,1
2014,Brazil,729,Group F,2014-06-16,Arena da Baixada; Curitiba (UTC-3),Iran,Nigeria,0,0
2014,Brazil,730,Group F,2014-06-21,Estádio Mineirão; Belo Horizonte (UTC-3),Argentina,Iran,1,0
2014,Brazil,731,Group F,2014-06-21,Arena Pantanal; Cuiabá (UTC-4),Nigeria,Bosnia-Herzegovina,1,0
2014,Brazil,732,Group F,2014-06-25,Estádio Beira-Rio; Porto Alegre (UTC-3),Nigeria,Argentina,2,3
2014,Brazil,733,Group F,2014-06-25,Arena Fonte Nova; Salvador (UTC-3),Bosnia-Herzegovina,Iran,3,1
2014,Brazil,734,Group G,2014-06-16,Arena Fonte Nova; Salvador (UTC-3),Germany,Portugal,4,0
2014,Brazil,735,Group G,2014-06-16,Estádio das Dunas; Natal (UTC-3),Ghana,United States,1,2
2014,Brazil,736,Group G,2014-06-21,Estádio Castelão; Fortaleza (UTC-3),Germany,Ghana,2,2
2014,Brazil,737,Group G,2014-06-22,Arena Amazônia; Manaus (UTC-4),United States,Portugal,2,2
2014,Brazil,738,Group G,2014-06-26,Arena Pernambuco; Recife (UTC-3),United States,Germany,0,1
2014,Brazil,739,Group G,2014-06-26,Estádio Nacional Mané Garrincha; Brasília (UTC-3),Portugal,Ghana,2,1
2014,Brazil,740,Group H,2014-06-17,Estádio Mineirão; Belo Horizonte (UTC-3),Belgium,Algeria,2,1
2014,Brazil,741,Group H,2014-06-17,Arena Pantanal; Cuiabá (UTC-4),Russia,South Korea,1,1
2014,Brazil,742,Group H,2014-06-22,Estádio do Maracanã; Rio de Janeiro (UTC-3),Belgium,Russia,1,0
2014,Brazil,743,Group H,2014-06-22,Estádio Beira-Rio; Porto Alegre (UTC-3),South Korea,Algeria,2,4
2014,Brazil,744,Group H,2014-06-26,Arena de São Paulo; São Paulo (UTC-3),South Korea,Belgium,0,1
2014,Brazil,745,Group H,2014-06-26,Arena da Baixada; Curitiba (UTC-3),Algeria,Russia,1,1
2014,Brazil,746,Round of 16,2014-06-28,Estádio Mineirão; Belo Horizonte (UTC-3),Brazil,Chile,3,2
2014,Brazil,747,Round of 16,2014-06-28,Estádio do Maracanã; Rio de Janeiro (UTC-3),Colombia,Uruguay,2,0
2014,Brazil,748,Round of 16,2014-06-29,Estádio Castelão; Fortaleza (UTC-3),Netherlands,Mexico,2,1
2014,Brazil,749,Round of 16,2014-06-29,Arena Pernambuco; Recife (UTC-3),Costa Rica,Greece,5,3
2014,Brazil,750,Round of 16,2014-06-30,Estádio Nacional Mané Garrincha; Brasília (UTC-3),France,Nigeria,2,0
2014,Brazil,751,Round of 16,2014-06-30,Estádio Beira-Rio; Porto Alegre (UTC-3),Germany,Algeria,2,1
2014,Brazil,752,Round of 16,2014-07-01,Arena de São Paulo; São Paulo,Argentina,Switzerland,1,0
2014,Brazil,753,Round of 16,2014-07-01,Arena Fonte Nova; Salvador,Belgium,United States,2,1
2014,Brazil,754,Quarter-finals,2014-07-04,Estádio Castelão; Fortaleza,Brazil,Colombia,2,1
2014,Brazil,755,Quarter-finals,2014-07-04,Estádio do Maracanã; Rio de Janeiro (UTC-3),France,Germany,0,1
2014,Brazil,756,Quarter-finals,2014-07-05,Arena Fonte Nova; Salvador (UTC-3),Netherlands,Costa Rica,4,3
2014,Brazil,757,Quarter-finals,2014-07-05,Estádio Nacional Mané Garrincha; Brasília (UTC-3),Argentina,Belgium,1,0
2014,Brazil,758,Semi-finals,2014-07-08,Estádio Mineirão; Belo Horizonte (UTC-3),Brazil,Germany,1,7
2014,Brazil,759,Semi-finals,2014-07-09,Arena de São Paulo; São Paulo (UTC-3),Netherlands,Argentina,2,4
2014,Brazil,760,Match for third place,2014-07-12,Estádio Nacional Mané Garrincha; Brasília (UTC-3),Brazil,Netherlands,0,3
2014,Brazil,761,Final,2014-07-13,Estádio do Maracanã; Rio de Janeiro (UTC-3),Germany,Argentina,1,0
